ID,Region,RegionEnglish,EQ2012,EQ2013,Eqabschg,Eqrelch,Putinmeet,Putinvisit,Putineither,ITP,IBE,GRP2012,GRPgrowth,GRPpc,forputin,pctputin,foropp,pctopp,marginvic,pctpopputin,poverty,pop,govtemp,pctgov,TotalInc2012,TotalInc2013,GovTrn2012,GovTrn2013,pctdpngov2012,pctdpngov2013,chggovtrn,pctchgtrn,chgpctdep,Protest 11,Protest 12,TotProtest,pctcity12,pctrur12,moscowdummy,republicdummy,ncaucusdummy
1,????????? ????,Altai Krai,3318029,3971511,653482,0.196948851,0,0,0,0.321,0.825,65236,0.059,147117.4,141257,0.6407,45311,0.2055,0.4352,0.317431461,11.3,445000,5443,0.012231461,87575068781,94609648153,40261774989,45426632808,0.459740147,0.480147994,5164857819,0.011282819,0.0104439,4,2,6,0.555,0.445,0,0,0
2,???????? ???????,Amur Oblast,6308861,7253704,944843,0.149764434,0,0,0,0.355,1.87,29616,-0.012,141442.4,68110,0.6687,17229,0.1692,0.4995,0.324333333,18.5,210000,5302,0.025247619,53485890147,57660820866,21271911594,22910749663,0.397710715,0.397336516,1638838069,0.010770424,0.009990591,3,4,7,0.671,0.329,0,0,0
3,????????????? ???????,Arkhangelsk Oblast,4200499,2306324,-1894175,-0.450940472,0,1,1,0.712,0.92,1154056,0.044,284068.3,1731716,0.7528,326250,0.1418,0.611,0.426426003,10.3,4061000,33904,0.008348683,68072635209,74722810296,24302705231,21385540123,0.357011377,0.286198285,-2917165108,0.008799654,0.008016503,10,8,18,0.766,0.234,0,0,0
4,???????????? ???????,Astrakhan Oblast,13063464,13651455,587991,0.045010343,1,0,1,0.512,1.399,167038,0.005,171920.4,275466,0.662,75082,0.1804,0.4816,0.283401235,17.7,972000,12305,0.012659465,35394075766,40074533543,10664729583,10514897619,0.301313973,0.262383531,-149831963.4,0.009859507,0.008707978,4,6,10,0.667,0.333,0,0,0
5,???????????? ???????,Belgograd Oblast,36855712,43157559,6301847,0.170986983,0,0,0,0.185,0.837,377975,0.046,128639.7,1322567,0.9284,84669,0.0594,0.869,0.448936524,7,2946000,23214,0.007879837,84315357716,84381505574,21972376705,27843796209,0.260597563,0.329975106,5871419505,0.012672182,0.012662248,1,0,1,0.666,0.334,0,0,0
6,???????? ???????,Bryansk Oblast,7261899,7875526,613627,0.084499523,0,0,0,0.119,0.772,36888,0.153,84532.9,153274,0.9191,7422,0.0445,0.8746,0.346773756,17.1,442000,5276,0.011936652,41149333194,47502042797,17924284012,20827678061,0.435591117,0.438458576,2903394049,0.01161981,0.010065829,1,1,2,0.693,0.307,0,0,0
7,???????????? ???????,Vladimir Oblast,6468959,9097341,2628382,0.406306795,0,0,0,0.275,0.762,105992,0.058,123389.8,299529,0.7764,53261,0.1381,0.6383,0.348694994,14.2,859000,8738,0.010172293,50771333899,53785856337,14264990122,16217829815,0.280965439,0.30152592,1952839693,0.011368974,0.01073178,0,0,0,0.776,0.224,0,0,0
8,????????????? ???????,Volgograd Oblast,2438349,2938879,500530,0.205274142,1,0,1,0.297,0.839,34017,0,119182.5,93500,0.703,23295,0.1751,0.5279,0.329225352,30.7,284000,6171,0.021728873,83755934203,95284895092,19749032499,28734087957,0.235792636,0.301559738,8985055458,0.014549618,0.012789192,22,13,35,0.763,0.237,0,0,0
9,??????????? ???????,Vologda Oblast,5620273,6442407,822134,0.146280083,1,0,1,0.257,0.931,59513,0.047,125750.5,266410,0.9136,16937,0.0581,0.8555,0.564427966,16,472000,6594,0.013970339,53292174490,60541312161,10619076725,16409668617,0.199261464,0.271049107,5790591892,0.015453009,0.013602686,4,0,4,0.713,0.287,0,0,0
10,??????????? ???????,Voronezh Oblast,3050487,1941157,-1109330,-0.363656688,0,0,0,0.722,1.336,162003,0.015,253800.8,171380,0.5538,50957,0.1647,0.3891,0.269042386,13.6,637000,9550,0.014992151,82543121013,97515580624,24669863690,34201266874,0.298872436,0.350726178,9531403185,0.013863582,0.011734979,7,11,18,0.663,0.337,0,0,0
11,????? ??????,Moscow City,839711,390306,-449405,-0.535190083,1,0,1,1.643,1.58,480764,0.018,543089.8,341864,0.6502,70135,0.1334,0.5168,0.388481818,13.4,880000,13763,0.015639773,1.53E+12,1.57E+12,85928103773,1.53E+11,0.056312182,0.097680708,67084392442,0.017807037,0.017346284,257,185,442,0.989,0.011,1,0,0
12,????? ?????-?????????,St. Petersburg City,5043625,5691220,647595,0.128398721,0,0,0,0.361,0.883,117598,0.098,170089,228612,0.5998,84200,0.2209,0.3789,0.331321739,20,690000,8117,0.011763768,4.22E+11,4.08E+11,36955967340,73004734032,0.087573225,0.179031624,36048766692,0.019754518,0.020443649,49,46,95,1,0,0,0,0
13,????????? ?????????? ???????,Jewish Autonomous Oblast,4670165,5240440,570275,0.122110247,0,0,0,0.392,0.868,132474,0.021,161158.7,506415,0.8706,42060,0.0723,0.7983,0.618333333,18,819000,10326,0.012608059,8917322741,10695294255,4397262957,5757920673,0.493114703,0.538360192,1360657716,0.013094329,0.010917545,0,0,0,0.679,0.321,0,0,0
14,????????????? ????,Zabaykalsky Krai,44896903,51357746,6460843,0.143903979,0,1,1,1.436,4.273,540412,0.032,565450.4,317933,0.6946,65871,0.1439,0.5507,0.3325659,16.7,956000,14889,0.015574268,51204959153,54812418949,20525452288,24827946104,0.400848914,0.452962058,4302493816,0.012096175,0.011300069,3,0,3,0.668,0.332,0,0,0
15,?????????? ???????,Ivanovo Oblast,6784248,8288112,1503864,0.221669963,0,0,0,0.264,0.83,99715,0.016,140924.6,289643,0.7006,87017,0.2105,0.4901,0.410259207,10.4,706000,8682,0.01229745,34260560926,39043513447,15132388084,18093544890,0.441685357,0.463419997,2961156806,0.011956834,0.010492084,1,1,2,0.811,0.189,0,0,0
16,????????? ???????,Irkutsk Oblast,,,,,0,0,0,0.97,0.841,1436933,0.055,376889.2,1967291,0.827,229711,0.0966,0.7304,0.514728153,6.5,3822000,31232,0.008171638,1.22E+11,1.40E+11,29145465515,33211140000,0.239122728,0.236394786,4065674485,0.01139496,0.009885919,2,1,3,0.795,0.205,0,0,0
17,?????????-?????????? ??????????,Kabardino-Balkar Republic,9958039,11351612,1393573,0.139944521,0,1,1,0.338,1.915,37653,0.021,121498.9,132828,0.9,6370,0.0432,0.8568,0.428477419,27.9,310000,6000,0.019354839,26471314252,28060086804,15733487668,16985619516,0.594359899,0.605330256,1252131848,0.010795839,0.010184574,0,0,0,0.541,0.459,0,1,1
18,??????????????? ???????,Kaliningrad Oblast,1518133,911823,-606310,-0.399378711,0,0,0,0.676,0.9,371498,0.033,244746.2,515755,0.6575,116277,0.1482,0.5093,0.339759552,11.1,1518000,16895,0.011129776,50946214447,54048430365,20056297776,20148888226,0.393675919,0.372793217,92590450.06,0.010046165,0.009469546,3,1,4,0.775,0.225,0,0,0
19,????????? ???????,Kaluga Oblast,1035922,1147343,111421,0.107557326,0,0,0,0.658,1.906,130686,0.054,245382.3,144519,0.584,50872,0.2056,0.3784,0.271142589,16.3,533000,8536,0.016015009,47974408815,54850430476,11672964757,12134502898,0.24331649,0.221228946,461538141.2,0.010395391,0.00909223,4,2,6,0.759,0.241,0,0,0
20,?????????? ????,Kamchatka Krai,14507184,17875779.8,3368595.8,0.232201908,1,0,1,0.194,0.495,103677,0.071,78934.2,611578,0.9976,182,0.0003,0.9973,0.461568302,21.7,1325000,13273,0.010017358,56318163967,57156182795,37415137097,38789189836,0.664352927,0.678652561,1374052739,0.010367245,0.010215242,1,1,2,0.771,0.229,0,0,0
21,?????????-?????????? ??????????,Karachay-Cherkess Republic,5401919,7037918,1635999,0.302855152,0,1,1,0.431,0.866,217034,0.062,174293.5,438070,0.6232,144676,0.2058,0.4174,0.352146302,16,1244000,11349,0.00912299,15628772989,22729065417,9996326647,16882624993,0.639610458,0.742776911,6886298347,0.016888829,0.011612958,0,0,0,0.429,0.571,0,1,1
22,??????????? ???????,Kemerovo Oblast,16343009,17541253,1198244,0.073318445,0,0,0,0.382,0.884,370555,0.016,154205.7,674139,0.5735,261665,0.2226,0.3509,0.281008337,20.6,2399000,30087,0.012541476,1.36E+11,1.36E+11,17496260809,28543368301,0.128307408,0.210010417,11047107493,0.016313982,0.016367755,0,2,2,0.855,0.145,0,0,0
23,????????? ???????,Kirov Oblast,8341560,10130495,1788935,0.214460485,0,0,0,0.525,1.163,225504,0.022,205511.4,327407,0.6569,71636,0.1437,0.5132,0.299001826,17.6,1095000,19046,0.017393607,51580755279,54692845087,19632697601,21940862748,0.380620592,0.401165138,2308165147,0.011175674,0.010539764,5,4,9,0.748,0.252,0,0,0
24,??????????? ???????,Kostromo Oblast,29924164,31674114,1749950,0.058479495,0,0,0,1.202,5.667,126984,0.022,396388.6,93738,0.5984,25009,0.1597,0.4387,0.29293125,17.8,320000,7923,0.024759375,23864991420,27540493718,8837804475,10614728784,0.370325064,0.385422603,1776924309,0.012010595,0.010407683,1,0,1,0.705,0.295,0,0,0
25,????????????? ????,Krasnodar Krai,4910474,2847661,-2062813,-0.420084293,0,1,1,0.614,0.82,1438472,0.037,271035.4,1715349,0.6372,496909,0.1846,0.4526,0.321829081,11.2,5330000,45644,0.008563602,2.27E+11,2.67E+11,70395068485,93664196203,0.309893825,0.35088071,23269127718,0.013305505,0.011322611,20,11,31,0.535,0.465,0,0,0
26,???????????? ????,Krasnoyarsk Krai,426961,279961,-147000,-0.344293741,0,1,1,1.5,1.371,1192648,0.058,419586.9,784337,0.6016,235058,0.1803,0.4213,0.275495961,15.6,2847000,39825,0.013988409,1.98E+11,1.99E+11,32052685931,45801054416,0.162145735,0.230561434,13748368485,0.014289303,0.014219395,8,6,14,0.766,0.234,0,0,0
27,?????????? ???????,Kurgan Oblast,6123,10002,3879,0.633512984,0,0,0,0.967,0.967,897598,0.006,340933.2,736496,0.6294,184639,0.1578,0.4716,0.279611238,12.2,2634000,28847,0.010951784,34795021196,37615009498,16285935526,18679276287,0.468053617,0.496591029,2393340760,0.011469575,0.010609704,6,1,7,0.607,0.393,0,0,0
28,??????? ???????,Kursk Oblast,6935285,6658821,-276464,-0.039863394,0,1,1,0.666,1.184,555018,-0.069,284789.3,567177,0.5731,201493,0.2036,0.3695,0.291308166,14.2,1947000,22862,0.011742167,44902280065,50165798006,12759577396,16572170060,0.28416324,0.33034798,3812592664,0.012988024,0.011625289,0,0,0,0.665,0.335,0,0,0
29,????????????? ???????,Leningrad Oblast,9691641,12462905,2771264,0.285943732,0,0,0,0.446,0.842,430969,0.006,154529.6,770874,0.6447,215600,0.1803,0.4644,0.276199928,13.7,2791000,27742,0.009939807,85989031417,96653066378,12556924650,16358038974,0.146029377,0.169244904,3801114324,0.013027106,0.011589785,3,1,4,0.652,0.348,0,0,0
30,???????? ???????,Lipetsk Oblast,4577336,4713546,136210,0.029757483,0,1,1,0.957,1.611,434113,0.005,323415,367239,0.5615,115436,0.1765,0.385,0.273650522,14.3,1342000,19949,0.014865127,44493075053,49178081867,8609603364,13119547016,0.193504345,0.266776306,4509943652,0.015238271,0.01378658,0,0,0,0.64,0.36,0,0,0
31,??????????? ???????,Magadan Oblast,3101130,3255262,154132,0.049701883,0,0,0,0.805,1.411,234010,-0.027,285642.7,251182,0.6284,67433,0.1687,0.4597,0.307444308,16,817000,12330,0.015091799,23659899467,28329230730,10943880524,13322042836,0.462549747,0.470257839,2378162312,0.012173052,0.010166644,0,1,1,0.958,0.042,0,0,0
32,?????????? ???????,Moscow Oblast,3479249,5863079,2383830,0.685156481,0,1,1,0.986,1.625,468621,0.006,387959,333344,0.5797,91648,0.1594,0.4203,0.277324459,13.2,1202000,17823,0.014827787,3.93E+11,4.92E+11,40789276019,1.02E+11,0.103810413,0.208201069,61705526701,0.02512788,0.020055895,39,25,64,0.814,0.186,0,0,0
33,?????????? ???????,Murmansk Oblast,1100321,927788,-172533,-0.156802424,0,0,0,0.507,0.789,211330,0.113,208328.8,297448,0.6876,67662,0.1564,0.5312,0.293341223,12.5,1014000,11844,0.011680473,60017014168,60451686018,12145341226,15366698516,0.202364969,0.254198014,3221357290,0.01265234,0.012561364,8,5,13,0.927,0.073,0,0,0
34,????????????? ???????,Nizhny Novgorod Oblast,565362,271273,-294089,-0.520178222,0,0,0,0.732,0.823,546151,0.055,354982.9,533716,0.593,211079,0.2345,0.3585,0.346343933,6.5,1541000,19048,0.012360805,1.32E+11,1.46E+11,25787120777,35556568451,0.19516804,0.244302638,9769447675,0.013788499,0.012517553,10,16,26,0.791,0.209,0,0,0
35,???????????? ???????,Novgorod Oblast,5078611,5077189,-1422,-0.000279998,0,0,0,0.497,0.877,209824,0.083,166654,448018,0.6402,146340,0.2091,0.4311,0.357271132,10.5,1254000,15870,0.012655502,29760216658,37575213264,8177914683,14724028842,0.27479352,0.391854831,6546114159,0.018004625,0.014259974,0,0,0,0.705,0.295,0,0,0
36,????????????? ???????,Novosibirsk Oblast,2148749,2058445,-90304,-0.042026314,0,0,0,0.522,0.871,285623,0.022,200178.9,341301,0.5349,132400,0.2075,0.3274,0.240014768,15,1422000,12521,0.008805204,1.20E+11,1.43E+11,23045235279,36262809952,0.192322907,0.253612053,13217574673,0.015735491,0.013186784,15,6,21,0.779,0.221,0,0,0
37,?????? ???????,Omsk Oblast,2635496,1750949,-884547,-0.335628284,0,0,0,0.575,0.831,573903,0.028,221677.3,810598,0.6341,240998,0.1885,0.4456,0.313820364,13.6,2583000,25822,0.009996903,72871359031,86443846148,18831419078,27770050362,0.258420034,0.321249593,8938631284,0.014746658,0.012431296,4,6,10,0.718,0.282,0,0,0
38,???????????? ???????,Orenburg Oblast,1332508,821962,-510546,-0.383146668,0,0,0,0.736,1.035,356071,0.048,297377.7,361720,0.5944,93417,0.1535,0.4409,0.302441472,13.2,1196000,16783,0.014032609,81657753986,90552885764,16618979636,24176496139,0.203519921,0.266987583,7557516503,0.014547521,0.013118499,1,0,1,0.597,0.403,0,0,0
39,????????? ???????,Oryol Oblast,6969065,5745860,-1223205,-0.175519241,0,0,0,0.465,0.859,568613,0.093,243941.3,800024,0.6134,292379,0.2242,0.3892,0.34335794,10.3,2330000,21106,0.009058369,28026602351,32030508878,12092241988,14772309584,0.431455866,0.46119497,2680067596,0.012216353,0.010689273,3,8,11,0.658,0.342,0,0,0
40,?????????? ???????,Penza Oblast,8078456,8722345,643889,0.079704463,0,0,0,0.35,0.878,136512,-0.036,129826,321170,0.6185,95005,0.183,0.4355,0.306167779,13.8,1049000,11771,0.011221163,50703890121,55239452269,20243068023,27179799389,0.399240926,0.492036005,6936731367,0.013426719,0.012324288,19,17,36,0.677,0.323,0,0,0
41,???????? ????,Perm Krai,2645874,1408978,-1236896,-0.467481067,0,0,0,1.041,1.213,743764,0.094,306935.9,594861,0.5545,242097,0.2257,0.3288,0.245607349,16.8,2422000,32879,0.013575145,1.14E+11,1.31E+11,15732531500,25630662496,0.137628385,0.19613173,9898130996,0.016291506,0.01425082,4,4,8,0.751,0.249,0,0,0
42,?????????? ????,Primorsky Krai,483301,325413,-157888,-0.326686682,0,0,0,0.751,0.882,264622,0.047,278319.2,240421,0.5255,97570,0.2133,0.3122,0.251749738,10.8,955000,13419,0.014051309,1.10E+11,1.10E+11,41889568260,34132075102,0.382131147,0.310976668,-7757493159,0.008148109,0.008137957,8,5,13,0.766,0.234,0,0,0
43,????????? ???????,Pskov Oblast,402689,222055,-180634,-0.448569492,0,0,0,0.783,0.881,288476,0.096,286496.7,299175,0.5902,101459,0.2001,0.3901,0.297390656,8.5,1006000,13200,0.013121272,29423455518,30345981923,12987616493,13489781382,0.441403508,0.444532703,502164889,0.010386649,0.010070892,3,0,3,0.703,0.297,0,0,0
44,?????????? ?????? (??????),Republic of Adygea,577667,259431,-318236,-0.550898701,0,1,1,0.842,0.901,717700,-0.042,261301.2,1267837,0.7719,133705,0.0814,0.6905,0.462376732,10.6,2742000,26184,0.009549234,14145557903,17324791695,7197859703,9373031536,0.508842405,0.541018426,2175171833,0.01302197,0.010632338,0,0,0,0.47,0.53,0,1,0
45,?????????? ?????,Altai Republic,7107582,7384532,276950,0.038965432,0,0,0,0.455,0.94,212370,0.018,160461.8,399810,0.5793,127982,0.1854,0.3939,0.303115997,12.4,1319000,17282,0.01310235,15855911499,15326891757,11634236934,11039998060,0.733747595,0.720302475,-594238873.6,0.009489233,0.009816761,0,0,0,0.289,0.711,0,1,0
46,?????????? ????????????,Republic of Bashkortostan,2893416,3083167,189751,0.065580269,0,0,0,0.462,0.914,131622,0.041,199326.8,183984,0.5278,90714,0.2602,0.2676,0.279186646,15.1,659000,10133,0.015376328,1.44E+11,1.66E+11,31105095140,45810660140,0.216154864,0.275776051,14705565001,0.014727703,0.012758263,7,5,12,0.611,0.389,0,1,0
47,?????????? ???????,Republic of Buryatia,7055517,7995195,939678,0.133183436,0,1,1,0.413,0.98,144842,-0.04,162559.5,305777,0.6339,83955,0.174,0.4599,0.345120767,15.6,886000,13604,0.015354402,47618854312,53024330543,24220806073,28932836032,0.508638992,0.545652076,4712029958,0.011945447,0.010727689,1,0,1,0.59,0.41,0,1,0
48,?????????? ????????,Republic of Dagestan,2709822,1404739,-1305083,-0.481612076,0,0,0,0.531,0.931,253831,0.047,226551.7,366745,0.6045,122775,0.2024,0.4021,0.327743521,8.2,1119000,14500,0.012957998,77572450167,91491578191,58117316036,68631018952,0.749200469,0.750134825,10513702916,0.011809048,0.010012471,5,4,9,0.451,0.549,0,1,1
49,?????????? ?????????,Republic of Ingushetia,,,,,0,1,1,0.905,0.876,673916,0.062,386747.8,501893,0.619,114951,0.1418,0.4772,0.28663221,11.9,1751000,16551,0.009452313,18873541819,22200942009,15913644373,19253153167,0.843172126,0.867222353,3339508794,0.012098519,0.010285235,0,0,0,0.399,0.601,0,1,1
50,?????????? ????????,Republic of Kalmykia,159882,305140,145258,0.908532543,0,0,0,0.807,0.846,294863,0.018,253302.1,382179,0.6099,132408,0.2113,0.3986,0.32889759,8.4,1162000,13334,0.011475043,10065954804,13255127326,6042289828,6755246085,0.600269914,0.509632682,712956257.2,0.011179944,0.008490059,0,0,0,0.447,0.553,0,1,0
51,?????????? ???????,Republic of Karelia,7934574,8264682,330108,0.041603746,0,0,0,1.74,4.639,76875,0.036,501071.2,39196,0.5625,13946,0.2001,0.3624,0.257868421,11.3,152000,5544,0.036473684,38546631867,38222461876,10886895796,13928826340,0.282434425,0.364414683,3041930545,0.012794121,0.01290263,3,1,4,0.788,0.212,0,1,0
52,?????????? ????,Komi Republic,,,,,1,0,1,0.919,0.893,2440283,0.048,348533.8,2015379,0.5685,686449,0.1936,0.3749,0.285950482,6.9,7048000,58368,0.008281498,61801448514,75500443844,10613661369,15352244008,0.171738068,0.203339785,4738582639,0.014464607,0.011840111,1,0,1,0.773,0.227,0,1,0
53,?????????? ????? ??,Mari El Republic,1106062,589092,-516970,-0.467396945,0,0,0,1.3,1.589,280326,0.005,357478.8,244579,0.6005,65190,0.16,0.4405,0.313562821,11.1,780000,10796,0.013841026,23173796319,25408509257,10560655782,11955143908,0.455715397,0.470517329,1394488126,0.011320456,0.010324806,1,0,1,0.643,0.357,0,1,0
54,?????????? ????????,Republic of Mordovia,1944123,1094516,-849607,-0.437012987,0,0,0,0.719,0.873,838599,0.038,254630.6,1187194,0.639,353964,0.1905,0.4485,0.36084924,10.3,3290000,33183,0.010086018,35716588041,44462088629,18951368595,26030069937,0.530604115,0.585444156,7078701342,0.013735193,0.01103354,5,2,7,0.613,0.387,0,1,0
55,?????????? ???? (??????),Republic of Sakha (Yakutia),471507,358171,-113336,-0.240369708,0,1,1,0.813,0.971,172315,0.084,274474.3,179501,0.5791,54875,0.177,0.4021,0.286742812,11.7,626000,9387,0.014995208,1.30E+11,1.51E+11,55272211993,66251543560,0.423942867,0.439894326,10979331567,0.011986411,0.010376264,0,0,0,0.649,0.351,0,1,0
56,?????????? ???????? ?????? - ??????,Repulic of North Ossetia-Alania,3049939,1606057,-1443882,-0.473413403,0,0,0,0.689,0.968,659544,0.015,244441.8,762126,0.5634,304761,0.2253,0.3381,0.281227306,14.1,2710000,29109,0.010741328,21023797073,25094647759,12471253302,15785249672,0.593196998,0.629028541,3313996370,0.012657308,0.010604041,2,1,3,0.639,0.361,0,1,1
57,?????????? ????????? (?????????),Republic of Tatarstan,2351859,1311049,-1040810,-0.442547789,0,0,0,0.609,0.893,498523,0.018,252493,541469,0.5555,234035,0.2401,0.3154,0.274300405,11,1974000,20467,0.010368288,2.00E+11,2.26E+11,62073832481,62736853212,0.309989348,0.277010973,663020731,0.010106812,0.008936145,6,15,21,0.759,0.241,0,1,0
58,?????????? ????,Tuva Republic,960981,583772,-377209,-0.39252493,0,0,0,0.895,0.9,629370,0.025,311588.5,577411,0.5689,252947,0.2492,0.3197,0.286414187,12.7,2016000,22334,0.011078373,17499243430,23895236928,13246620795,19436046212,0.756982486,0.813385792,6189425417,0.014672456,0.010745107,0,0,0,0.539,0.461,0,1,0
59,?????????? ???????,Republic of Khakassia,4047330,4035843,-11487,-0.002838167,0,0,0,0.442,0.912,146140,0.039,187706.4,237868,0.5284,130934,0.2909,0.2375,0.306530928,11.3,776000,10945,0.014104381,23317989753,26629682707,6761241243,9005465005,0.289958153,0.338173951,2244223762,0.013319248,0.011662854,0,1,1,0.677,0.323,0,1,0
60,?????????? ???????,Rostov Oblast,6067032,6807136,740104,0.121987819,0,0,0,0.417,0.846,240335,0.067,175094.9,492031,0.6427,150786,0.197,0.4457,0.359409058,13.1,1369000,14796,0.010807889,1.42E+11,1.69E+11,41454265269,52042821193,0.291606366,0.307798378,10588555924,0.012554274,0.01055527,16,2,18,0.677,0.323,0,0,0
61,????????? ???????,Ryazan Oblast,4100423,4128243,27820,0.006784666,0,1,1,0.458,0.98,108191,0.001,162885.8,211265,0.5969,73073,0.2064,0.3905,0.31913142,15.4,662000,11619,0.01755136,44050794674,51572817821,14953170883,19183542215,0.33945292,0.371970023,4230371332,0.01282908,0.010957927,13,7,20,0.71,0.29,0,0,0
62,????????? ???????,Samara Oblast,8449215,8246917,-202298,-0.023942816,0,0,0,0.487,0.841,840280,0.025,197358.8,1324042,0.6266,423884,0.2006,0.426,0.311246356,12.9,4254000,44009,0.010345322,1.38E+11,1.62E+11,20538252003,31546547059,0.14872807,0.194567394,11008295056,0.015359899,0.01308209,31,34,65,0.803,0.197,0,0,0
63,??????????? ???????,Saratov Oblast,2069365,2062811,-6554,-0.003167155,0,0,0,0.545,0.921,247219,0.05,215619.2,370945,0.5974,132981,0.2142,0.3832,0.324252622,12.5,1144000,14757,0.012899476,81296459363,90253858234,22928015374,30227868823,0.282029692,0.334920517,7299853449,0.013183814,0.011875364,4,2,6,0.748,0.252,0,0,0
64,??????????? ???????,Sakhalin Oblast,,182751,182751,,1,0,1,0.859,0.836,941611,0.05,293001.2,912099,0.5856,320128,0.2055,0.3801,0.283877684,12.3,3213000,30078,0.009361345,57804221562,84051985611,7682418046,13210380360,0.1329041,0.157169165,5527962315,0.017195602,0.011825757,3,1,4,0.808,0.192,0,0,0
65,???????????? ???????,Sverdlovsk Oblast,4863363,5707206,843843,0.173510182,0,1,1,0.453,0.787,477352,0.059,190481.6,934685,0.7064,206818,0.1563,0.5501,0.373425889,15.9,2503000,24369,0.009735917,1.95E+11,2.29E+11,24917118423,43206825821,0.127571523,0.188957327,18289707398,0.017340218,0.014811874,8,14,22,0.841,0.159,0,0,0
66,?????????? ???????,Smolensk Oblast,,,,,0,1,1,3.034,2.112,641603,-0.025,1297866.6,128565,0.563,45730,0.2003,0.3627,0.260253036,11.8,494000,9357,0.018941296,36432151457,43551428071,12014585825,16352453391,0.329779751,0.375474562,4337867565,0.013610501,0.011385616,0,1,1,0.725,0.275,0,0,0
67,?????????????? ????,Stavropol Krai,775911,184384,-591527,-0.762364498,0,0,0,0.846,0.897,1484447,0.071,344282.6,1337781,0.645,251690,0.1214,0.5236,0.309958526,8.5,4316000,37380,0.008660797,88729121808,96997644929,32972731252,39825081795,0.371611153,0.410577822,6852350543,0.012078187,0.011048587,1,6,7,0.576,0.424,0,0,1
68,?????????? ???????,Tambov Oblast,2801144,2108538,-692606,-0.247258263,0,1,1,0.517,0.932,201311,0.042,205874.5,273232,0.5669,111182,0.2307,0.3362,0.280237949,14.8,975000,14796,0.015175385,40637499514,47006489927,19229816038,25990020259,0.473203722,0.552902808,6760204221,0.01351548,0.011684245,6,4,10,0.591,0.409,0,0,0
69,???????? ???????,Tver Oblast,8498612,9541042,1042430,0.122658853,0,1,1,0.357,0.897,203267,0.089,188358.6,444978,0.7176,107797,0.1738,0.5438,0.413548327,9.4,1076000,12526,0.011641264,53877540977,58378398379,13597439386,16516177270,0.252376763,0.282915903,2918737884,0.012146535,0.011210061,1,2,3,0.749,0.251,0,0,0
70,??????? ???????,Tomsk Oblast,2143619,1861377,-282242,-0.131666122,0,1,1,0.58,0.96,267639,0,200009.7,387308,0.5802,131591,0.1971,0.3831,0.290335832,11.4,1334000,17999,0.013492504,55488390832,59060794443,16887801836,16146857212,0.30434838,0.273393837,-740944623.9,0.009561255,0.008982924,4,7,11,0.712,0.288,0,0,0
71,???????? ???????,Tula Oblast,2041072,1118520,-922552,-0.451993854,0,0,0,0.954,1.335,374172,0.036,352660.4,261581,0.5707,86403,0.1885,0.3822,0.245846805,16.2,1064000,13340,0.012537594,53844630288,64944131744,13544617731,17523867916,0.251550018,0.26982989,3979250185,0.012937883,0.010726689,3,1,4,0.788,0.212,0,0,0
72,????????? ???????,Tyumen Oblast,1420603,968813,-451790,-0.318026922,0,1,1,0.652,0.876,309295,0.025,201038,587952,0.6777,147019,0.1695,0.5082,0.383780679,9.5,1532000,14553,0.009499347,1.88E+11,1.85E+11,37535301790,32710972572,0.200143433,0.176716433,-4824329218,0.008714722,0.008829489,7,4,11,0.789,0.211,0,0,0
73,?????????? ??????????,Udmurt Republic,,,,,0,0,0,3.803,1.515,4618711,-0.002,1325288.4,611281,0.731,95398,0.1141,0.6169,0.174104529,11,3511000,47770,0.01360581,57103318511,65493743420,17660260372,20910028142,0.309268547,0.319267567,3249767769,0.011840158,0.010323312,5,1,6,0.65,0.35,0,1,0
74,??????????? ???????,Ulyanovsk Oblast,2681408,2613996,-67412,-0.025140523,0,0,0,0.454,0.796,244230,0.025,191059.6,387540,0.5818,160089,0.2403,0.3415,0.304191523,13.3,1274000,14261,0.011193878,43337389812,47544927686,14751596691,16753608748,0.340389598,0.352374261,2002012057,0.011357149,0.010352087,8,7,15,0.74,0.26,0,0,0
75,??????????? ????,Khabarovsk Krai,2941523,2125160,-816363,-0.277530721,0,0,0,0.68,0.883,843340,0.024,242150.5,1124538,0.6502,254542,0.1472,0.503,0.322679484,10.1,3485000,33149,0.009511908,87490692789,1.02E+11,21267782204,30301166609,0.243086225,0.297968668,9033384405,0.01424745,0.012257736,1,1,2,0.815,0.185,0,0,0
76,??????????? ???????,Chelyabinsk Oblast,639928,429249,-210679,-0.329222975,0,0,0,0.738,0.866,324572,0.046,255297,365892,0.5453,133476,0.1989,0.3464,0.287650943,10.9,1272000,14504,0.011402516,1.28E+11,1.47E+11,25907815911,40252142233,0.202954206,0.273871297,14344326322,0.015536679,0.013494241,15,20,35,0.822,0.178,0,0,0
77,????????? ??????????,Chechen Republic,,,,,1,0,1,3.143,0.945,10577810,0.03,887545.2,1994310,0.4695,868736,0.2045,0.265,0.16646995,9.6,11980000,72339,0.006038314,81537996084,83923865216,71641894349,72265129343,0.878632022,0.861079613,623234994,0.010086993,0.00980023,1,1,2,0.348,0.652,0,1,1
78,????????? ?????????? - ???????,Chuvash Republic,,,,,0,1,1,1.466,0.822,2291993,0.043,459261.2,1403753,0.5877,370799,0.1552,0.4325,0.279187152,9,5028000,38193,0.007596062,40205600266,45886100470,16240891004,19802077198,0.40394599,0.431548486,3561186195,0.012192728,0.010683321,2,6,8,0.598,0.402,0,1,0
79,????????? ?????????? ?????,Chukotka Autonomous Okrug,2313890,2616846,302956,0.130929301,0,0,0,0.46,1.29,42451,0.015,244614,48912,0.6159,14796,0.1863,0.4296,0.282728324,18.8,173000,3787,0.021890173,20204424665,17703726221,7480870289,6786308769,0.370259011,0.383326577,-694561520.4,0.00907155,0.01035293,0,0,0,0.667,0.333,0,0,0
82,??????????? ???????,Yaroslavl Oblast,352541,195620,-156921,-0.445114185,0,0,0,7.42,7.122,48852,-0.003,960056.9,21310,0.7264,2651,0.0904,0.636,0.417843137,7.7,51000,2677,0.052490196,55641293344,64924414627,10051816993,13984828793,0.180653906,0.215401692,3933011800,0.013912737,0.011923445,4,1,5,0.819,0.181,0,0,0
